eps0,frozen_raw_chi2,frozen_profiled_chi2,frozen_best_offset_mag,published_raw_chi2,published_profiled_chi2,published_best_offset_mag,frozen_profiled_delta_chi2,published_profiled_delta_chi2
-0.100000000000,2593.278250301160,1762.793128166089,-0.105021820951,9218.204124817677,1751.423763569049,-0.314905542216,-1.399326121905,-12.768690718945
-0.097500000000,2593.696607124614,1762.825996097340,-0.105046192277,8960.626946058912,1751.505453720234,-0.309424564333,-1.366458190655,-12.687000567760
-0.095000000000,2594.113868225402,1762.858992375221,-0.105070480590,8708.229950700845,1751.601502707756,-0.303957609319,-1.333461912774,-12.590951580239
-0.092500000000,2594.530037750302,1762.892115272908,-0.105094686317,8460.975053002878,1751.711716046602,-0.298504604721,-1.300339015087,-12.480738241392
-0.090000000000,2594.945119826766,1762.925363082028,-0.105118809885,8218.824521046781,1751.835901901893,-0.293065478651,-1.267091205966,-12.356552386102
-0.087500000000,2595.359118563067,1762.958734112513,-0.105142851716,7981.740972609369,1751.973871048286,-0.287640159781,-1.233720175482,-12.218583239708
-0.085000000000,2595.772038048482,1762.992226692344,-0.105166812230,7749.687371099813,1752.125436830173,-0.282228577335,-1.200227595651,-12.067017457821
-0.082500000000,2596.183882353333,1763.025839167359,-0.105190691843,7522.627021548136,1752.290415122635,-0.276830661089,-1.166615120635,-11.902039165359
-0.080000000000,2596.594655529066,1763.059569901064,-0.105214490971,7300.523566652275,1752.468624292880,-0.271446341356,-1.132884386930,-11.723829995114
-0.077500000000,2597.004361608295,1763.093417274414,-0.105238210024,7083.340982883941,1752.659885162572,-0.266075548989,-1.099037013580,-11.532569125422
-0.075000000000,2597.413004605020,1763.127379685611,-0.105261849410,6871.043576642920,1752.864020970613,-0.260718215372,-1.065074602383,-11.328433317381
-0.072500000000,2597.820588514599,1763.161455549921,-0.105285409536,6663.595980470713,1753.080857336699,-0.255374272414,-1.030998738073,-11.111596951296
-0.070000000000,2598.227117313891,1763.195643299475,-0.105308890803,6460.963149313085,1753.310222225452,-0.250043652543,-0.996810988519,-10.882232062542
-0.067500000000,2598.632594961344,1763.229941383090,-0.105332293613,6263.110356837125,1753.551945911126,-0.244726288704,-0.962512904905,-10.640508376869
-0.065000000000,2599.037025397039,1763.264348266023,-0.105355618362,6070.003191796156,1753.805860942985,-0.239422114351,-0.928106021972,-10.386593345010
-0.062500000000,2599.440412542832,1763.298862429872,-0.105378865445,5881.607554450138,1754.071802111205,-0.234131063442,-0.893591858122,-10.120652176789
-0.060000000000,2599.842760302451,1763.333482372340,-0.105402035255,5697.889653029761,1754.349606413427,-0.228853070435,-0.858971915654,-9.842847874567
-0.057500000000,2600.244072561545,1763.368206607040,-0.105425128179,5518.816000252576,1754.639113021779,-0.223588070281,-0.824247680954,-9.553341266215
-0.055000000000,2600.644353187729,1763.403033663349,-0.105448144606,5344.353409886742,1754.940163250576,-0.218335998422,-0.789420624646,-9.252291037418
-0.052500000000,2601.043606030807,1763.437962086222,-0.105471084919,5174.468993359838,1755.252600524426,-0.213096790784,-0.754492201772,-8.939853763568
-0.050000000000,2601.441834922761,1763.472990436005,-0.105493949500,5009.130156416051,1755.576270347015,-0.207870383772,-0.719463851989,-8.616183940980
-0.047500000000,2601.839043677759,1763.508117288259,-0.105516738727,4848.304595818397,1755.911020270297,-0.202656714264,-0.684336999735,-8.281434017697
-0.045000000000,2602.235236092493,1763.543341233624,-0.105539452977,4691.960296095374,1756.256699864275,-0.197455719612,-0.649113054370,-7.935754423719
-0.042500000000,2602.630415945975,1763.578660877596,-0.105562092624,4540.065526330543,1756.613160687222,-0.192267337630,-0.613793410398,-7.579293600772
-0.040000000000,2603.024586999846,1763.614074840413,-0.105584658038,4392.588836999067,1756.980256256510,-0.187091506594,-0.578379447581,-7.212198031484
-0.037500000000,2603.417752998336,1763.649581756854,-0.105607149590,4249.499056842860,1757.357842019760,-0.181928165235,-0.542872531141,-6.834612268234
-0.035000000000,2603.809917668415,1763.685180276097,-0.105629567646,4110.765289790803,1757.745775326683,-0.176777252737,-0.507274011898,-6.446678961311
-0.032500000000,2604.201084719814,1763.720869061538,-0.105651912568,3976.356911917885,1758.143915401110,-0.171638708730,-0.471585226457,-6.048538886884
-0.030000000000,2604.591257845174,1763.756646790653,-0.105674184720,3846.243568446947,1758.552123313774,-0.166512473287,-0.435807497342,-5.640330974220
-0.027500000000,2604.980440720089,1763.792512154842,-0.105696384459,3720.395170790205,1758.970261955368,-0.161398486920,-0.399942133152,-5.222192332627
-0.025000000000,2605.368637003248,1763.828463859256,-0.105718512143,3598.781893628693,1759.398196010047,-0.156296690573,-0.363990428738,-4.794258277947
-0.022500000000,2605.755850336422,1763.864500622651,-0.105740568127,3481.374172032433,1759.835791929479,-0.151207025622,-0.327953665344,-4.356662358515
-0.020000000000,2606.142084344659,1763.900621177254,-0.105762552761,3368.142698617684,1760.282917907180,-0.146129433868,-0.291833110740,-3.909536380814
-0.017500000000,2606.527342636205,1763.936824268578,-0.105784466397,3259.058420741497,1760.739443853339,-0.141063857533,-0.255630019416,-3.453010434655
-0.015000000000,2606.911628802834,1763.973108655317,-0.105806309381,3154.092537735070,1761.205241370140,-0.136010239257,-0.219345632678,-2.987212917855
-0.012500000000,2607.294946419689,1764.009473109181,-0.105828082058,3053.216498171336,1761.680183727287,-0.130968522093,-0.182981178814,-2.512270560707
-0.010000000000,2607.677299045513,1764.045916414729,-0.105849784772,2956.401997169709,1762.164145838095,-0.125938649502,-0.146537873266,-2.028308449899
-0.007500000000,2608.058690222638,1764.082437369276,-0.105871417863,2863.620973735829,1762.657004235900,-0.120920565354,-0.110016918718,-1.535450052095
-0.005000000000,2608.439123477184,1764.119034782717,-0.105892981669,2774.845608136478,1763.158637050857,-0.115914213917,-0.073419505277,-1.033817237137
-0.002500000000,2608.818602319005,1764.155707477405,-0.105914476528,2690.048319307225,1763.668923987125,-0.110919539858,-0.036746810589,-0.523530300869
0.000000000000,2609.197130241862,1764.192454287994,-0.105935902771,2609.201762296250,1764.187746300408,-0.105936488237,0.000000000000,-0.004707987586
0.002500000000,2609.574710723524,1764.229274061331,-0.105957260733,2532.278825739570,1764.714986775877,-0.100965004507,0.036819773337,0.522532487882
0.005000000000,2609.951347225679,1764.266165656299,-0.105978550742,2459.252629368699,1765.250529706382,-0.096005034504,0.073711368305,1.058075418388
0.007500000000,2610.327043194252,1764.303127943711,-0.105999773125,2390.096521552278,1765.794260871149,-0.091056524449,0.110673655717,1.601806583155
0.010000000000,2610.701802059285,1764.340159806152,-0.106020928209,2324.784076867474,1766.346067514630,-0.086119420940,0.147705518158,2.153613226636
0.012500000000,2611.075627235202,1764.377260137865,-0.106042016316,2263.289093704174,1766.905838325888,-0.081193670952,0.184805849871,2.713384037893
0.015000000000,2611.448522120661,1764.414427844623,-0.106063037769,2205.585591898336,1767.473463418126,-0.076279221833,0.221973556629,3.281009130132
0.017500000000,2611.820490098860,1764.451661843599,-0.106083992885,2151.647810397392,1768.048834308709,-0.071376021297,0.259207555605,3.856380020715
0.020000000000,2612.191534537490,1764.488961063264,-0.106104881982,2101.450204953697,1768.631843899362,-0.066484017425,0.296506775270,4.439389611368
0.022500000000,2612.561658788792,1764.526324443218,-0.106125705376,2054.967445848837,1769.222386456760,-0.061603158659,0.333870155224,5.029932168766
0.025000000000,2612.930866189732,1764.563750934112,-0.106146463379,2012.174415645883,1769.820357593441,-0.056733393798,0.371296646118,5.627903305446
0.027500000000,2613.299160062038,1764.601239497521,-0.106167156302,1973.046206970756,1770.425654248931,-0.051874671999,0.408785209526,6.233199960937
0.030000000000,2613.666543712189,1764.638789105797,-0.106187784455,1937.558120321227,1771.038174671276,-0.047026942768,0.446334817802,6.845720383282
0.032500000000,2614.033020431655,1764.676398741987,-0.106208348144,1905.685661903656,1771.657818398746,-0.042190155959,0.483944453993,7.465364110752
0.035000000000,2614.398593496836,1764.714067399701,-0.106228847675,1877.404541497408,1772.284486241969,-0.037364261775,0.521613111706,8.092031953975
0.037500000000,2614.763266169252,1764.751794083012,-0.106249283351,1852.690670345539,1772.918080266195,-0.032549210756,0.559339795017,8.725625978200
0.040000000000,2615.127041695423,1764.789577806308,-0.106269655473,1831.520159072117,1773.558503773922,-0.027744953784,0.597123518314,9.366049485928
0.042500000000,2615.489923307259,1764.827417594229,-0.106289964341,1813.869315625807,1774.205661287823,-0.022951442077,0.634963306235,10.013206999829
0.045000000000,2615.851914221789,1764.865312481512,-0.106310210252,1799.714643248788,1774.859458533833,-0.018168627182,0.672858193518,10.667004245839
0.047500000000,2616.213017641551,1764.903261512927,-0.106330393502,1789.032838471283,1775.519802424603,-0.013396460981,0.710807224933,11.327348136609
0.050000000000,2616.573236754389,1764.941263743124,-0.106350514384,1781.800789130625,1776.186601043102,-0.008634895678,0.748809455130,11.994146755108
0.052500000000,2616.932574733724,1764.979318236562,-0.106370573191,1777.995572415394,1776.859763626643,-0.003883883803,0.786863948568,12.667309338648
0.055000000000,2617.291034738543,1765.017424067382,-0.106390570212,1777.594452933170,1777.539200550929,0.000856621794,0.824969779388,13.346746262935
0.057500000000,2617.648619913498,1765.055580319327,-0.106410505735,1780.574880802624,1778.224823314550,0.005586667946,0.863126031333,14.032369026556
0.060000000000,2618.005333388980,1765.093786085610,-0.106430380048,1786.914489768791,1778.916544523603,0.010306301168,0.901331797615,14.724090235608
0.062500000000,2618.361178281125,1765.132040468831,-0.106450193435,1796.591095341672,1779.614277876588,0.015015567666,0.939586180837,15.421823588593
0.065000000000,2618.716157692014,1765.170342580884,-0.106469946178,1809.582692957516,1780.317938149471,0.019714513336,0.977888292890,16.125483861476
0.067500000000,2619.070274709641,1765.208691542832,-0.106489638560,1825.867456162755,1781.027441181128,0.024403183767,1.016237254838,16.834986893134
0.070000000000,2619.423532408050,1765.247086484841,-0.106509270858,1845.423734819981,1781.742703858816,0.029081624244,1.054632196847,17.550249570822
0.072500000000,2619.775933847287,1765.285526546053,-0.106528843351,1868.230053335849,1782.463644104052,0.033749879751,1.093072258059,18.271189816058
0.075000000000,2620.127482073610,1765.324010874510,-0.106548356315,1894.265108910388,1783.190180858516,0.038407994975,1.131556586516,18.997726570522
0.077500000000,2620.478180119590,1765.362538627072,-0.106567810024,1923.507769807717,1783.922234070356,0.043056014306,1.170084339078,19.729779782362
0.080000000000,2620.828031003980,1765.401108969279,-0.106587204750,1955.937073647648,1784.659724680558,0.047693981840,1.208654681285,20.467270392564
0.082500000000,2621.177037731953,1765.439721075305,-0.106606540764,1991.532225717767,1785.402574609597,0.052321941385,1.247266787311,21.210120321603
0.085000000000,2621.525203295147,1765.478374127851,-0.106625818336,2030.272597305935,1786.150706744282,0.056939936457,1.285919839856,21.958252456288
0.087500000000,2621.872530671662,1765.517067318031,-0.106645037732,2072.137724053045,1786.904044924742,0.061548010292,1.324613030037,22.711590636748
0.090000000000,2622.219022826204,1765.555799845336,-0.106664199220,2117.107304325028,1787.662513931738,0.066146205838,1.363345557342,23.470059643744
0.092500000000,2622.564682710148,1765.594570917493,-0.106683303062,2165.161197605075,1788.426039473956,0.070734565765,1.402116629498,24.233585185962
0.095000000000,2622.909513261574,1765.633379750395,-0.106702349522,2216.279422904152,1789.194548175726,0.075313132466,1.440925462401,25.002093887731
0.097500000000,2623.253517405307,1765.672225568050,-0.106721338860,2270.442157191490,1789.967967564713,0.079881948056,1.479771280056,25.775513276719
0.100000000000,2623.596698053085,1765.711107602430,-0.106740271337,2327.629733842822,1790.746226060008,0.084441054377,1.518653314436,26.553771772013
