eps,sn_frozen,hz_frozen,sdss_frozen,desi_frozen,total_frozen,sn_published,hz_published,sdss_published,desi_published,total_published
-0.100000000000,2593.278250301160,12.133921658228,12.474786241412,88.489240741120,2706.376198941920,9218.204158853425,18.771146714484,64.664363998301,403.585459814176,9705.225129380386
-0.099000000000,2593.445724783446,12.128362761572,12.458975591413,87.842524791165,2705.875587927595,9114.549212677875,18.634529385648,62.987592433940,392.973683614498,9589.145018111958
-0.098000000000,2593.613023550740,12.122851220908,12.443220457051,87.199406668145,2705.378501896845,9011.726775491965,18.499261041006,61.336233345466,382.524101156058,9474.086371034495
-0.097000000000,2593.780146869583,12.117386863079,12.427520649439,86.559877593304,2704.884931975405,8909.734389228677,18.365341680558,59.710183467144,372.235986444038,9360.045900820416
-0.096000000000,2593.947095005978,12.111969515602,12.411875980412,85.923928812574,2704.394869314567,8808.569605005687,18.232771304306,58.109340065294,362.108616994473,9247.020333369757
-0.095000000000,2594.113868225402,12.106599006669,12.396286262552,85.291551596607,2703.908305091229,8708.229983085192,18.101549912247,56.533600935178,352.141273816144,9135.006407748762
-0.094000000000,2594.280466792923,12.101275165138,12.380751309166,84.662737240613,2703.425230507841,8608.713092829197,17.971677504384,54.982864397624,342.333241388853,9024.000876120059
-0.093000000000,2594.446890973016,12.095997820539,12.365270934288,84.037477064287,2702.945636792130,8510.016512656723,17.843154080715,53.457029296141,332.683807646357,8914.000503679938
-0.092000000000,2594.613141029719,12.090766803062,12.349844952687,83.415762411749,2702.469515197217,8412.137830002785,17.715979641241,51.955994993711,323.192263955390,8805.002068593127
-0.091000000000,2594.779217226640,12.085581943561,12.334473179841,82.797584651426,2701.996857001467,8315.074641275383,17.590154185961,50.479661369542,313.857905097083,8697.002361927969
-0.090000000000,2594.945119826766,12.080443073546,12.319155431957,82.182935176005,2701.527653508273,8218.824551812661,17.465677714876,49.027928816341,304.680029247822,8589.998187591698
-0.089000000000,2595.110849092693,12.075350025182,12.303891525951,81.571805402334,2701.061896046161,8123.385175843842,17.342550227986,47.600698236998,295.657937960049,8483.986362268875
-0.088000000000,2595.276405286467,12.070302631290,12.288681279453,80.964186771335,2700.599575968545,8028.754136444486,17.220771725290,46.197871041566,286.790936144220,8378.963715355561
-0.087000000000,2595.441788669708,12.065300725336,12.273524510805,80.360070747916,2700.140684653766,7934.929065497483,17.100342206789,44.819349144352,278.078332048780,8274.927088897404
-0.086000000000,2595.606999503499,12.060344141435,12.258421039049,79.759448820930,2699.685213504913,7841.907603651523,16.981261672482,43.465034960955,269.519437242807,8171.873337527767
-0.085000000000,2595.772038048482,12.055432714344,12.243370683931,79.162312503050,2699.233153949807,7749.687400280412,16.863530122370,42.134831405200,261.113566596927,8069.799328404910
-0.084000000000,2595.936904564785,12.050566279464,12.228373265900,78.568653330692,2698.784497440842,7658.266113441700,16.747147556453,40.828641886270,252.860038265293,7968.701941149716
-0.083000000000,2596.101599312073,12.045744672830,12.213428606098,77.978462863969,2698.339235454970,7567.641409838330,16.632113974730,39.546370305616,244.758173666853,7868.578067785528
-0.082000000000,2596.266122549492,12.040967731115,12.198536526361,77.391732686555,2697.897359493524,7477.810964775645,16.518429377202,38.287921054379,236.807297467909,7769.424612675135
-0.081000000000,2596.430474535777,12.036235291624,12.183696849215,76.808454405688,2697.458861082304,7388.772462124177,16.406093763868,37.053199010179,229.006737563609,7671.238492461834
-0.080000000000,2596.594655529066,12.031547192291,12.168909397873,76.228619651985,2697.023731771215,7300.523594278930,16.295107134730,35.842109534372,221.355825060079,7574.016636008111
-0.079000000000,2596.758665787121,12.026903271677,12.154173996230,75.652220079463,2696.591963134491,7213.062062120341,16.185469489785,34.654558469272,213.853894257263,7477.755984336662
-0.078000000000,2596.922505567226,12.022303368968,12.139490468864,75.079247365381,2696.163546770439,7126.385574974411,16.077180829036,33.490452135243,206.500282630347,7382.453490569037
-0.077000000000,2597.086175126121,12.017747323969,12.124858641035,74.509693210221,2695.738474301347,7040.491850574199,15.970241152481,32.349697327839,199.294330812817,7288.106119867335
-0.076000000000,2597.249674720111,12.013234977107,12.110278338665,73.943549337575,2695.316737373459,6955.378615021504,15.864650460120,31.232201315151,192.235382579201,7194.710849375976
-0.075000000000,2597.413004605020,12.008766169423,12.095749388361,73.380807494074,2694.898327656877,6871.043602747302,15.760408751954,30.137871834968,185.322784827420,7102.264668161644
-0.074000000000,2597.576165036187,12.004340742570,12.081271617387,72.821459449314,2694.483236845459,6787.484556474459,15.657516027983,29.066617091985,178.555887561178,7010.764577155605
-0.073000000000,2597.739156268504,11.999958538814,12.066844853686,72.265496995783,2694.071456656787,6704.699227178414,15.555972288206,28.018345755116,171.934043873853,6920.207589095590
-0.072000000000,2597.901978556345,11.995619401027,12.052468925852,71.712911948785,2693.662978832009,6622.685374052381,15.455777532624,26.992966954781,165.456609930914,6830.590728470701
-0.071000000000,2598.064632153652,11.991323172688,12.038143663144,71.163696146336,2693.257795135820,6541.440764464795,15.356931761237,25.990390280165,159.122944952801,6741.911031458999
-0.070000000000,2598.227117313891,11.987069697877,12.023868895477,70.617841449128,2692.855897356374,6460.963173925704,15.259434974044,25.010525776642,152.932411198771,6654.165545875160
-0.069000000000,2598.389434290038,11.982858821274,12.009644453419,70.075339740420,2692.457277305151,6381.250386047404,15.163287171046,24.053283942966,146.884373950106,6567.351331111522
-0.068000000000,2598.551583334593,11.978690388157,11.995470168192,69.536182925993,2692.061926816935,6302.300192509389,15.068488352243,23.118575728761,140.978201492882,6481.465458083276
-0.067000000000,2598.713564699653,11.974564244399,11.981345871663,69.000362934049,2691.669837749763,6224.110393020226,14.975038517634,22.206312531827,135.213265102592,6396.505009172279
-0.066000000000,2598.875378636741,11.970480236463,11.967271396344,68.467871715141,2691.281001984688,6146.678795280254,14.882937667219,21.316406195540,129.588939026753,6312.467078169767
-0.065000000000,2599.037025397039,11.966438211403,11.953246575388,67.938701242097,2690.895411425927,6070.003214946302,14.792185801000,20.448769006232,124.104600469580,6229.348770223113
-0.064000000000,2599.198505231107,11.962438016861,11.939271242594,67.412843509969,2690.513058000530,5994.081475595858,14.702782918975,19.603313690744,118.759629575238,6147.147201780816
-0.063000000000,2599.359818389234,11.958479501060,11.925345232392,66.890290535925,2690.133933658611,5918.911408688809,14.614729021144,18.779953413691,113.553409411830,6065.859500535473
-0.062000000000,2599.520965121050,11.954562512810,11.911468379849,66.371034359196,2689.758030372905,5844.490853535179,14.528024107508,17.978601775071,108.485325955934,5985.482805373691
-0.061000000000,2599.681945675874,11.950686901494,11.897640520658,65.855067040990,2689.385340139017,5770.817657254995,14.442668178067,17.199172807647,103.554768076241,5906.014266316950
-0.060000000000,2599.842760302451,11.946852517078,11.883861491145,65.342380664436,2689.015854975110,5697.889674747500,14.358661232820,16.441580974506,98.761127518078,5827.451044472904
-0.059000000000,2600.003409249185,11.943059210096,11.870131128260,64.832967334489,2688.649566922030,5625.704768652636,14.276003271768,15.705741166511,94.103798887752,5749.790311978667
-0.058000000000,2600.163892763874,11.939306831660,11.856449269577,64.326819177872,2688.286468042983,5554.260809316830,14.194694294911,14.991568699911,89.582179636895,5673.029251948546
-0.057000000000,2600.324211093968,11.935595233446,11.842815753287,63.823928343010,2687.926550423711,5483.555674758733,14.114734302248,14.298979313811,85.195670047311,5597.165058422104
-0.056000000000,2600.484364486434,11.931924267699,11.829230418200,63.324286999926,2687.569806172259,5413.587250634021,14.036123293780,13.627889167732,80.943673215167,5522.194936310700
-0.055000000000,2600.644353187729,11.928293787230,11.815693103739,62.827887340214,2687.216227418912,5344.353430201835,13.958861269506,12.978214839249,76.825595036214,5448.116101346805
-0.054000000000,2600.804177443955,11.924703645410,11.802203649942,62.334721576932,2686.865806316239,5275.852114288222,13.882948229427,12.349873321551,72.840844190387,5374.925780029586
-0.053000000000,2600.963837500672,11.921153696168,11.788761897453,61.844781944534,2686.518535038826,5208.081211255274,13.808384173543,11.742782021047,68.988832126825,5302.621209576689
-0.052000000000,2601.123333602985,11.917643793993,11.775367687524,61.358060698816,2686.174405783318,5141.038636964417,13.735169101853,11.156858754970,65.268973048694,5231.199637869935
-0.051000000000,2601.282665995609,11.914173793927,11.762020862011,60.874550116857,2685.833410768405,5074.722314744096,13.663303014358,10.592021749045,61.680683898725,5160.658323406225
-0.050000000000,2601.441834922761,11.910743551565,11.748721263368,60.394242496890,2685.495542234583,5009.130175355986,13.592785911058,10.048189635175,58.223384344133,5090.994535246352
-0.049000000000,2601.600840628168,11.907352923051,11.735468734649,59.917130158303,2685.160792444171,4944.260156961522,13.523617791952,9.525281449031,54.896496761918,5022.205552964422
-0.048000000000,2601.759683355221,11.904001765076,11.722263119505,59.443205441520,2684.829153681322,4880.110205088954,13.455798657040,9.023216627814,51.699446224592,4954.288666598401
-0.047000000000,2601.918363346747,11.900689934879,11.709104262182,58.972460707941,2684.500618251750,4816.678272599207,13.389328506324,8.541915007911,48.631660485249,4887.241176598691
-0.046000000000,2602.076880845181,11.897417290238,11.695992007512,58.504888339901,2684.175178482832,4753.962319655447,13.324207339802,8.081296822662,45.692569963465,4821.060393781375
-0.045000000000,2602.235236092493,11.894183689474,11.682926200916,58.040480740554,2683.852826723437,4691.960313688349,13.260435157474,7.641282700010,42.881607730787,4755.743639276621
-0.044000000000,2602.393429330201,11.890988991444,11.669906688403,57.579230333860,2683.533555343908,4630.670229364252,13.198011959341,7.221793660342,40.198209496748,4691.288244480685
-0.043000000000,2602.551460799337,11.887833055543,11.656933316563,57.121129564448,2683.217356735891,4570.090048552805,13.136937745403,6.822751114182,37.641813594379,4627.691551006769
-0.042000000000,2602.709330740655,11.884715741699,11.644005932567,56.666170897616,2682.904223312537,4510.217760295469,13.077212515660,6.444076860007,35.211860966461,4564.950910637596
-0.041000000000,2602.867039394229,11.881636910369,11.631124384160,56.214346819221,2682.594147507979,4451.051360772711,13.018836270111,6.085693081998,32.907795151292,4503.063685276111
-0.040000000000,2603.024586999846,11.878596422541,11.618288519672,55.765649835624,2682.287121777684,4392.588853272619,12.961809008756,5.747522347895,30.729062269126,4442.027246898396
-0.039000000000,2603.181973796779,11.875594139730,11.605498187992,55.320072473606,2681.983138598107,4334.828248160185,12.906130731596,5.429487606782,28.675111008016,4381.838977506579
-0.038000000000,2603.339200023928,11.872629923973,11.592753238591,54.877607280350,2681.682190466841,4277.767562843138,12.851801438631,5.131512186931,26.745392610452,4322.496269079152
-0.037000000000,2603.496265919659,11.869703637831,11.580053521501,54.438246823312,2681.384269902304,4221.404821744650,12.798821129861,4.853519793649,24.939360859370,4263.996523527529
-0.036000000000,2603.653171721970,11.866815144385,11.567398887323,54.001983690180,2681.089369443857,4165.738056269079,12.747189805285,4.595434507156,23.256472064948,4206.337152646467
-0.035000000000,2603.809917668415,11.863964307232,11.554789187219,53.568810488826,2680.797481651692,4110.765304772081,12.696907464904,4.357180780414,21.696185050889,4149.515578068288
-0.034000000000,2603.966503996038,11.861150990485,11.542224272910,53.138719847224,2680.508599106657,4056.484612530690,12.647974108717,4.138683437086,20.257961141274,4093.529231217766
-0.033000000000,2604.122930941515,11.858375058772,11.529703996678,52.711704413360,2680.222714410325,4002.894031711030,12.600389736725,3.939867669371,18.941264147017,4038.375553264143
-0.032000000000,2604.279198741115,11.855636377229,11.517228211356,52.287756855221,2679.939820184922,3949.991621339438,12.554154348927,3.760659035970,17.745560352861,3984.051995077195
-0.031000000000,2604.435307630529,11.852934811504,11.504796770336,51.866869860674,2679.659909073043,3897.775447271767,12.509267945324,3.600983460006,16.670318504156,3930.556017181254
-0.030000000000,2604.591257845174,11.850270227749,11.492409527557,51.449036137442,2679.382973737923,3846.243582162460,12.465730525916,3.460767226944,15.715009793808,3877.885089709127
-0.029000000000,2604.747049619937,11.847642492622,11.480066337506,51.034248413016,2679.109006863081,3795.394105435937,12.423542090702,3.339936982574,14.879107849310,3826.036692358523
-0.028000000000,2604.902683189313,11.845051473283,11.467767055218,50.622499434587,2678.838001152401,3745.225103255826,12.382702639683,3.238419730971,14.162088719908,3775.008314346389
-0.027000000000,2605.058158787292,11.842497037391,11.455511536266,50.213781969004,2678.569949329953,3695.734668496211,12.343212172859,3.156142832492,13.563430863668,3724.797454365230
-0.026000000000,2605.213476647541,11.839979053105,11.443299636774,49.808088802695,2678.304844140114,3646.920900710349,12.305070690229,3.093034001746,13.082615134874,3675.401620537198
-0.025000000000,2605.368637003248,11.837497389078,11.431131213397,49.405412741602,2678.042678347326,3598.781906104465,12.268278191794,3.049021305632,12.719124771289,3626.818330373180
-0.024000000000,2605.523640087150,11.835051914459,11.419006123328,49.005746611134,2677.783444736071,3551.315797505412,12.232834677554,3.024033161344,12.472445381599,3579.045110725909
-0.023000000000,2605.678486131570,11.832642498888,11.406924224296,48.609083256060,2677.527136110814,3504.520694333797,12.198740147508,3.017998334413,12.342064932910,3532.079497748628
-0.022000000000,2605.833175368366,11.830269012493,11.394885374559,48.215415540511,2677.273745295930,3458.394722574109,12.165994601656,3.030845936752,12.327473738322,3485.919036850840
-0.021000000000,2605.987708029050,11.827931325891,11.382889432909,47.824736347855,2677.023265135705,3412.936014746957,12.134598039999,3.062505424720,12.428164444607,3440.561282656284
-0.020000000000,2606.142084344659,11.825629310185,11.370936258659,47.437038580677,2676.775688494180,3368.142709878620,12.104550462537,3.112906597189,12.643632019853,3396.003798958199
-0.019000000000,2606.296304545774,11.823362836959,11.359025711654,47.052315160697,2676.531008255084,3324.012953476028,12.075851869270,3.181979593638,12.973373741355,3352.244158680292
-0.018000000000,2606.450368862580,11.821131778282,11.347157652257,46.670559028711,2676.289217321831,3280.544897494503,12.048502260197,3.269654892243,13.416889183418,3309.279943830361
-0.017000000000,2606.604277524876,11.818936006699,11.335331941353,46.291763144530,2676.050308617458,3237.736700312885,12.022501635319,3.375863307985,13.973680205392,3267.108745461581
-0.016000000000,2606.758030761986,11.816775395235,11.323548440342,45.915920486918,2675.814275084481,3195.586526703823,11.997849994635,3.500535990788,14.643250939560,3225.728163628806
-0.015000000000,2606.911628802834,11.814649817387,11.311807011149,45.543024053532,2675.581109684902,3154.092547807036,11.974547338146,3.643604423626,15.425107779343,3185.135807348151
-0.014000000000,2607.065071875870,11.812559147128,11.300107516204,45.173066860861,2675.350805400063,3113.252941100725,11.952593665851,3.805000420694,16.318759367432,3145.329294554703
-0.013000000000,2607.218360209228,11.810503258902,11.288449818450,44.806041944158,2675.123355230739,3073.065890374734,11.931988977752,3.984656125549,17.323716583995,3106.306252062030
-0.012000000000,2607.371494030540,11.808482027621,11.276833781344,44.441942357397,2674.898752196902,3033.529585703414,11.912733273846,4.182504009301,18.439492535019,3068.064315521580
-0.011000000000,2607.524473567000,11.806495328666,11.265259268844,44.080761173181,2674.676989337690,2994.642223417052,11.894826554136,4.398476868749,19.665602540682,3030.601129380620
-0.010000000000,2607.677299045513,11.804543037881,11.253726145418,43.722491482715,2674.458059711526,2956.402006076836,11.878268818620,4.632507824629,21.001564123770,2993.914346843854
-0.009000000000,2607.829970692357,11.802625031575,11.242234276035,43.367126395732,2674.241956395699,2918.807142446767,11.863060067298,4.884530319779,22.446896998236,2958.001629832080
-0.008000000000,2607.982488733635,11.800741186518,11.230783526164,43.014659040426,2674.028672486742,2881.855847465850,11.849200300172,5.154478117383,24.001123057764,2922.860648941169
-0.007000000000,2608.134853394798,11.798891379940,11.219373761775,42.665082563403,2673.818201099915,2845.546342224092,11.836689517240,5.442285299165,25.663766364409,2888.489083404906
-0.006000000000,2608.287064901041,11.797075489527,11.208004849329,42.318390129627,2673.610535369524,2809.876853933447,11.825527718502,5.747886263654,27.434353137405,2854.884621053009
-0.005000000000,2608.439123477184,11.795293393423,11.196676655789,41.974574922332,2673.405668448728,2774.845615903113,11.815714903959,6.071215724422,29.312411741790,2822.044958273284
-0.004000000000,2608.591029347418,11.793544970223,11.185389048605,41.633630143003,2673.203593509250,2740.450867512754,11.807251073611,6.412208708349,31.297472677404,2789.967799972118
-0.003000000000,2608.742782735722,11.791830098975,11.174141895719,41.295549011283,2673.004303741700,2706.690854185930,11.800136227457,6.770800553881,33.389068567799,2758.650859535068
-0.002000000000,2608.894383865581,11.790148659178,11.162935065558,40.960324764933,2672.807792355251,2673.563827365022,11.794370365498,7.146926909348,35.586734149193,2728.091858789061
-0.001000000000,2609.045832960078,11.788500530777,11.151768427041,40.627950659781,2672.614052577677,2641.068044484498,11.789953487733,7.540523731196,37.890006259507,2698.288527962934
0.000000000000,2609.197130241862,11.786885594164,11.140641849565,40.298419969637,2672.423077655228,2609.201768946491,11.786885594164,7.951527282358,40.298423827573,2669.238605650585
0.001000000000,2609.348275933266,11.785303730175,11.129555203011,39.971725986256,2672.234860852709,2577.963270093732,11.785166684788,8.379874130533,42.811527862191,2640.939838771244
0.002000000000,2609.499270256094,11.783754820088,11.118508357740,39.647862019282,2672.049395453205,2547.350823185234,11.784796759608,8.825501146493,45.428861441491,2613.389982532826
0.003000000000,2609.650113431817,11.782238745623,11.107501184591,39.326821396175,2671.866674758206,2517.362709370814,11.785775818622,9.288345502484,48.149969702276,2586.586800394196
0.004000000000,2609.800805681463,11.780755388938,11.096533554878,39.008597462167,2671.686692087445,2487.997215665820,11.788103861830,9.768344670480,50.974399829192,2560.528064027322
0.005000000000,2609.951347225679,11.779304632626,11.085605340390,38.693183580197,2671.509440778893,2459.252634925479,11.791780889234,10.265436420629,53.901701044455,2535.211553279797
0.006000000000,2610.101738284698,11.777886359717,11.074716413384,38.380573130869,2671.334914188668,2431.127265821234,11.796806900831,10.779558819566,56.931424597125,2510.635056138755
0.007000000000,2610.251979078339,11.776500453674,11.063866646592,38.070759512370,2671.163105690975,2403.619412815299,11.803181896624,11.310650228787,60.063123752887,2486.796368693597
0.008000000000,2610.402069826028,11.775146798391,11.053055913205,37.763736140443,2670.994008678068,2376.727386135874,11.810905876611,11.858649303098,63.296353783419,2463.693295099002
0.009000000000,2610.552010746818,11.773825278192,11.042284086892,37.459496448303,2670.827616560205,2350.449501753038,11.819978840792,12.423494988935,66.630671956274,2441.323647539039
0.010000000000,2610.701802059285,11.772535777827,11.031551041776,37.158033886605,2670.663922765493,2324.784081353945,11.830400789169,13.005126522814,70.065637524669,2419.685246190597
0.011000000000,2610.851443981663,11.771278182474,11.020856652448,36.859341923365,2670.502920739949,2299.729452319015,11.842171721740,13.603483429745,73.600811717039,2398.775919187539
0.012000000000,2611.000936731776,11.770052377735,11.010200793952,36.563414043940,2670.344603947402,2275.283947697469,11.855291638505,14.218505521642,77.235757727257,2378.593502584873
0.013000000000,2611.150280527031,11.768858249633,10.999583341795,36.270243750929,2670.188965869387,2251.445906183641,11.869760539465,14.850132895790,80.970040704245,2359.135840323141
0.014000000000,2611.299475584433,11.767695684613,10.989004171937,35.979824564151,2670.036000005135,2228.213672092555,11.885578424620,15.498305933250,84.803227742329,2340.400784192755
0.015000000000,2611.448522120661,11.766564569539,10.978463160797,35.692150020566,2669.885699871563,2205.585595336935,11.902745293969,16.162965297371,88.734887870762,2322.386193799036
0.016000000000,2611.597420351862,11.765464791692,10.967960185239,35.407213674251,2669.738059003043,2183.560031402691,11.921261147513,16.844051932207,92.764592044355,2305.089936526766
0.017000000000,2611.746170493927,11.764396238767,10.957495122581,35.125009096310,2669.593070951586,2162.135341326226,11.941125985252,17.541507061018,96.891913133438,2288.509887505934
0.018000000000,2611.894772762249,11.763358798875,10.947067850590,34.845529874856,2669.450729286571,2141.309891670298,11.962339807185,18.255272184733,101.116425914088,2272.643929576304
0.019000000000,2612.043227371890,11.762352360538,10.936678247479,34.568769614925,2669.311027594832,2121.082054501638,11.984902613313,18.985289080482,105.437707058265,2257.489953253697
0.020000000000,2612.191534537490,11.761376812688,10.926326191901,34.294721938436,2669.173959480515,2101.450207366507,12.008814403635,19.731499800067,109.855335124471,2243.045856694680
0.021000000000,2612.339694473260,11.760432044665,10.916011562960,34.023380484138,2669.039518565023,2082.412733268941,12.034075178152,20.493846668491,114.368890547888,2229.309545663473
0.022000000000,2612.487707393112,11.759517946218,10.905734240194,33.754738907559,2668.907698487084,2063.968020647164,12.060684936864,21.272272282460,118.977955630951,2216.278933497438
0.023000000000,2612.635573510514,11.758634407500,10.895494103582,33.488790880957,2668.778492902552,2046.114463350783,12.088643679770,22.066719508977,123.682114533811,2203.951941073341
0.024000000000,2612.783293038460,11.757781319066,10.885291033540,33.225530093236,2668.651895484303,2028.850460618459,12.117951406871,22.877131483738,128.480953264863,2192.326496773930
0.025000000000,2612.930866189732,11.756958571876,10.875124910919,32.964950249953,2668.527899922480,2012.174417054670,12.148608118166,23.703451609925,133.374059671549,2181.400536454310
0.026000000000,2613.078293176597,11.756166057288,10.864995617006,32.707045073188,2668.406499924079,1996.084742608133,12.180613813656,24.545623556488,138.361023430757,2171.172003409035
0.027000000000,2613.225574210939,11.755403667059,10.854903033513,32.451808301568,2668.287689213078,1980.579852548758,12.213968493341,25.403591256924,143.441436039860,2161.638848338884
0.028000000000,2613.372709504298,11.754671293343,10.844847042589,32.199233690159,2668.171461530389,1965.658167445447,12.248672157220,26.277298907751,148.614890807071,2152.799029317490
0.029000000000,2613.519699267792,11.753968828690,10.834827526808,31.949315010439,2668.057810633729,1951.318113144550,12.284724805294,27.166690967068,153.880982842912,2144.650511759824
0.030000000000,2613.666543712189,11.753296166042,10.824844369169,31.702046050256,2667.946730297657,1937.558120747492,12.322126437563,28.071712153292,159.239309050335,2137.191268388681
0.031000000000,2613.813243047831,11.752653198735,10.814897453100,31.457420613741,2667.838214313407,1924.376626588090,12.360877054026,28.992307443610,164.689468116441,2130.419279202166
0.032000000000,2613.959797484732,11.752039820494,10.804986662444,31.215432521291,2667.732256488961,1911.772072212607,12.400976654684,29.928422072636,170.231060502942,2124.332531442868
0.033000000000,2614.106207232443,11.751455925432,10.795111881470,30.976075609507,2667.628850648852,1899.742904356259,12.442425239536,30.880001531072,175.863688437215,2118.929019564082
0.034000000000,2614.252472500224,11.750901408052,10.785272994868,30.739343731131,2667.527990634274,1888.287574922654,12.485222808583,31.846991564243,181.586955903759,2114.206745199239
0.035000000000,2614.398593496836,11.750376163240,10.775469887739,30.505230755013,2667.429670302828,1877.404540962077,12.529369361825,32.829338170925,187.400468635315,2110.163717130141
0.036000000000,2614.544570430767,11.749880086267,10.765702445606,30.273730566056,2667.333883528696,1867.092264649949,12.574864899261,33.826987601723,193.303834103474,2106.797951254408
0.037000000000,2614.690403510115,11.749413072787,10.755970554401,30.044837065142,2667.240624202445,1857.349213265786,12.621709420892,34.839886357947,199.296661510579,2104.107470555203
0.038000000000,2614.836092942538,11.748975018834,10.746274100472,29.818544169137,2667.149886230981,1848.173859172339,12.669902926717,35.867981190123,205.378561780999,2102.090305070179
0.039000000000,2614.981638935317,11.748565820821,10.736612970576,29.594845810766,2667.061663537479,1839.564679793907,12.719445416737,36.911219096786,211.549147551971,2100.744491859401
0.040000000000,2615.127041695423,11.748185375540,10.726987051877,29.373735938638,2666.975950061478,1831.520157595831,12.770336890952,37.969547323059,217.808033165487,2100.068074975328
0.041000000000,2615.272301429402,11.747833580158,10.717396231947,29.155208517133,2666.892739758639,1824.038780063650,12.822577349361,39.042913359457,224.154834659681,2100.059105432149
0.042000000000,2615.417418343398,11.747510332217,10.707840398766,28.939257526405,2666.812026600785,1817.119039682300,12.876166791965,40.131264940357,230.589169760307,2100.715641174929
0.043000000000,2615.562392643233,11.747215529632,10.698319440712,28.725876962290,2666.733804575867,1810.759433915517,12.931105218763,41.234550042993,237.110657871771,2102.035747049045
0.044000000000,2615.707224534364,11.746949070691,10.688833246572,28.515060836285,2666.658067687912,1804.958465185450,12.987392629757,42.352716885923,243.718920069553,2104.017494770683
0.045000000000,2615.851914221789,11.746710854050,10.679381705530,28.306803175491,2666.584809956859,1799.714640851907,13.045029024944,43.485713927895,250.413579091799,2106.658962896545
0.046000000000,2615.996461910245,11.746500778734,10.669964707166,28.101098022553,2666.514025418697,1795.026473192478,13.104014404327,44.633489866511,257.194259330025,2109.958236793340
0.047000000000,2616.140867803942,11.746318744136,10.660582141461,27.897939435629,2666.445708125168,1790.892479382026,13.164348767904,45.795993636913,264.060586822253,2113.913408609096
0.048000000000,2616.285132106891,11.746164650015,10.651233898789,27.697321488340,2666.379852144034,1787.311181472785,13.226032115675,46.973174410701,271.012189243526,2118.522577242687
0.049000000000,2616.429255022648,11.746038396491,10.641919869919,27.499238269694,2666.316451558752,1784.281106374204,13.289064447641,48.164981594453,278.048695898702,2123.783848315000
0.050000000000,2616.573236754389,11.745939884050,10.632639946012,27.303683884082,2666.255500468532,1781.800785833020,13.353445763802,49.371364828577,285.169737713888,2129.695334139287
0.051000000000,2616.717077504924,11.745869013537,10.623394018619,27.110652451196,2666.196992988276,1779.868756413668,13.419176064157,50.592273986160,292.374947228328,2136.255153692314
0.052000000000,2616.860777476695,11.745825686158,10.614181979679,26.920138105994,2666.140923248527,1778.483559478285,13.486255348707,51.827659171672,299.663958586840,2143.461432585505
0.053000000000,2617.004336871814,11.745809803476,10.605003721522,26.732134998658,2666.087285395471,1777.643741167304,13.554683617452,53.077470719625,307.036407531099,2151.312303035480
0.054000000000,2617.147755891976,11.745821267412,10.595859136857,26.546637294532,2666.036073590777,1777.347852379889,13.624460870391,54.341659193600,314.491931392485,2159.805903836366
0.055000000000,2617.291034738543,11.745859980240,10.586748118787,26.363639174091,2665.987282011661,1777.594448754509,13.695587107525,55.620175384814,322.030169083578,2168.940380330426
0.056000000000,2617.434173612492,11.745925844590,10.577670560787,26.183134832873,2665.940904850741,1778.382090649605,13.768062328854,56.912970311094,329.650761090903,2178.713884380455
0.057000000000,2617.577172714419,11.746018763444,10.568626356716,26.005118481457,2665.896936316036,1779.709343124318,13.841886534377,58.219995215521,337.353349466328,2189.124574340544
0.058000000000,2617.720032244640,11.746138640134,10.559615400818,25.829584345401,2665.855370630993,1781.574775919475,13.917059724094,59.541201565442,345.137577820226,2200.170615029238
0.059000000000,2617.862752402982,11.746285378342,10.550637587710,25.656526665201,2665.816202034235,1783.976963438479,13.993581898007,60.876541051057,353.003091313174,2211.850177700717
0.060000000000,2618.005333388980,11.746458882098,10.541692812384,25.485939696242,2665.779424779704,1786.914484728334,14.071453056114,62.225965584459,360.949536648601,2224.161440017508
0.061000000000,2618.147775401817,11.746659055778,10.532780970209,25.317817708743,2665.745033136548,1790.385923460902,14.150673198415,63.589427298369,368.976562064739,2237.102586022425
0.062000000000,2618.290078640262,11.746885804106,10.523901956926,25.152154987739,2665.713021389033,1794.389867913998,14.231242324911,64.966878544974,377.083817327720,2250.671806111603
0.063000000000,2618.432243302809,11.747139032146,10.515055668652,24.988945833005,2665.683383836611,1798.924910952856,14.313160435602,66.358271894773,385.270953723397,2264.867297006628
0.064000000000,2618.574269587479,11.747418645307,10.506242001866,24.828184559018,2665.656114793670,1803.989650011465,14.396427530487,67.763560135560,393.537624050202,2279.687261727715
0.065000000000,2618.716157692014,11.747724549339,10.497460853423,24.669865494932,2665.631208589708,1809.582687074216,14.481043609567,69.182696271022,401.883482611744,2295.129909566549
0.066000000000,2618.857907813817,11.748056650330,10.488712120540,24.513982984500,2665.608659569188,1815.702628657277,14.567008672842,70.615633519928,410.308185208976,2311.193456059023
0.067000000000,2618.999520149840,11.748414854709,10.479995700804,24.360531386054,2665.588462091407,1822.348085790547,14.654322720311,72.062325314780,418.811389133390,2327.876122959028
0.068000000000,2619.140994896763,11.748799069239,10.471311492163,24.209505072453,2665.570610530618,1829.517673999290,14.742985751975,73.522725300740,427.392753159654,2345.176138211658
0.069000000000,2619.282332250832,11.749209201020,10.462659392926,24.060898431029,2665.555099275807,1837.210013285985,14.832997767833,74.996787334581,436.051937537387,2363.091735925787
0.070000000000,2619.423532408050,11.749645157487,10.454039301768,23.914705863560,2665.541922730864,1845.423728112453,14.924358767887,76.484465483583,444.788603985437,2381.621156349360
0.071000000000,2619.564595563911,11.750106846408,10.445451117721,23.770921786206,2665.531075314245,1854.157447381812,15.017068752134,77.985714024322,453.602415683546,2400.762645841814
0.072000000000,2619.705521913726,11.750594175880,10.436894740173,23.629540629482,2665.522551459261,1863.409804420542,15.111127720576,79.500487441761,462.493037265691,2420.514456848569
0.073000000000,2619.846311652308,11.751107054333,10.428370068875,23.490556838199,2665.516345613715,1873.179436960780,15.206535673213,81.028740427963,471.460134812264,2440.874847874220
0.074000000000,2619.986964974246,11.751645390524,10.419877003925,23.353964871437,2665.512452240132,1883.464987122757,15.303292610045,82.570427881229,480.503375844723,2461.842083458753
0.075000000000,2620.127482073610,11.752209093540,10.411415445780,23.219759202483,2665.510865815413,1894.265101396946,15.401398531071,84.125504904799,489.622429316291,2483.414434149106
0.076000000000,2620.267863144270,11.752798072792,10.402985295250,23.087934318794,2665.511580831105,1905.578430626747,15.500853436292,85.693926806017,498.816965606376,2505.590176475432
0.077000000000,2620.408108379709,11.753412238016,10.394586453493,22.958484721974,2665.514591793192,1917.403629990973,15.601657325707,87.275649095103,508.086656513524,2528.367592925307
0.078000000000,2620.548217973031,11.754051499272,10.386218822019,22.831404927680,2665.519893222002,1929.739358986523,15.703810199317,88.870627484183,517.431175248079,2551.744971918102
0.079000000000,2620.688192116978,11.754715766945,10.377882302682,22.706689465644,2665.527479652248,1942.584281411215,15.807312057121,90.478817886210,526.850196425553,2575.720607780099
0.080000000000,2620.828031003980,11.755404951736,10.369576797688,22.584332879575,2665.537345632978,1955.937065346298,15.912162899121,92.100176413959,536.343396059658,2600.292800719035
0.081000000000,2620.967734826089,11.756118964669,10.361302209585,22.464329727141,2665.549485727484,1969.796383139727,16.018362725314,93.734659378922,545.910451555476,2625.459856799440
0.082000000000,2621.107303775087,11.756857717087,10.353058441266,22.346674579937,2665.563894513378,1984.160911388959,16.125911535703,95.382223290385,555.551041703131,2651.220087918179
0.083000000000,2621.246738042265,11.757621120648,10.344845395966,22.231362023411,2665.580566582290,1999.029330924096,16.234809330286,97.042824854278,565.264846670242,2677.571811778902
0.084000000000,2621.386037818719,11.758409087328,10.336662977259,22.118386656846,2665.599496540152,2014.400326791039,16.345056109063,98.716420972371,575.051547996122,2704.513351868596
0.085000000000,2621.525203295147,11.759221529415,10.328511089064,22.007743093315,2665.620679006941,2030.272588234342,16.456651872036,100.402968741027,584.910828584229,2732.043037431634
0.086000000000,2621.664234661806,11.760058359514,10.320389635634,21.899425959630,2665.644108616584,2046.644808681349,16.569596619203,102.102425450254,594.842372696605,2760.159203447411
0.087000000000,2621.803132108774,11.760919490539,10.312298521558,21.793429896310,2665.669780017181,2063.515685724713,16.683890350564,103.814748582950,604.845865946398,2788.860190604625
0.088000000000,2621.941895825672,11.761804835716,10.304237651766,21.689749557526,2665.697687870680,2080.883921106541,16.799533066120,105.539895813444,614.920995291591,2818.144345277697
0.089000000000,2622.080526001826,11.762714308582,10.296206931517,21.588379611081,2665.727826853005,2098.748220701527,16.916524765871,107.277825007096,625.067449028595,2848.010019503089
0.090000000000,2622.219022826204,11.763647822979,10.288206266403,21.489314738341,2665.760191653927,2117.107294500612,17.034865449816,109.028494218696,635.284916785709,2878.455570954833
0.091000000000,2622.357386487414,11.764605293061,10.280235562354,21.392549634211,2665.794776977040,2135.959856595001,17.154555117956,110.791861692049,645.573089516749,2909.479362921756
0.092000000000,2622.495617173796,11.765586633283,10.272294725621,21.298079007101,2665.831577539801,2155.304625159641,17.275593770291,112.567885858604,655.931659494544,2941.079764283080
0.093000000000,2622.633715073243,11.766591758408,10.264383662791,21.205897578862,2665.870588073304,2175.140322437238,17.397981406820,114.356525336685,666.360320304838,2973.255149485581
0.094000000000,2622.771680373423,11.767620583502,10.256502280774,21.116000084763,2665.911803322462,2195.465674721894,17.521718027543,116.157738930584,676.858766839264,3006.003898519285
0.095000000000,2622.909513261574,11.768673023932,10.248650486809,21.028381273446,2665.955218045761,2216.279412344123,17.646803632462,117.971485629309,687.426695290052,3039.324396895945
0.096000000000,2623.047213924634,11.769748995368,10.240828188458,20.943035906884,2666.000827015344,2237.580269653223,17.773238221575,119.797724606134,698.063803143012,3073.215035623944
0.097000000000,2623.184782549205,11.770848413779,10.233035293609,20.859958760335,2666.048625016928,2259.366985003065,17.901021794882,121.636415217150,708.769789171625,3107.674211186722
0.098000000000,2623.322219321596,11.771971195432,10.225271710471,20.779144622314,2666.098606849814,2281.638300735808,18.030154352385,123.487517000656,719.544353430605,3142.700325519454
0.099000000000,2623.459524427666,11.773117256892,10.217537347574,20.700588294551,2666.150767326682,2304.392963165509,18.160635894081,125.350989675989,730.387197250167,3178.291785985746
0.100000000000,2623.596698053085,11.774286515021,10.209832113763,20.624284591936,2666.205101273806,2327.629722563874,18.292466419973,127.226793143060,741.298023229642,3214.447005356548
